{
  "ResNet50": {
    "weight": {
      "010_uni": [0.1, 0.1, 0.1, 0.1, 0.1, 0.1, 0.1, 0.1, 0.1, 0.1, 0.1, 0.1, 0.1, 0.1, 0.1, 0.1, 0.1, 0.1, 0.1, 0.1, 0.1, 0.1, 0.1, 0.1, 0.1, 0.1, 0.1, 0.1, 0.1, 0.1, 0.1, 0.1, 0.1, 0.1, 0.1, 0.1, 0.1, 0.1, 0.1, 0.1, 0.1, 0.1, 0.1, 0.1, 0.1, 0.1, 0.1, 0.1, 0.1, 0.1, 0.1, 0.1, 0.1, 0.1],
      "001_uni": [0.01, 0.01, 0.01, 0.01, 0.01, 0.01, 0.01, 0.01, 0.01, 0.01, 0.01, 0.01, 0.01, 0.01, 0.01, 0.01, 0.01, 0.01, 0.01, 0.01, 0.01, 0.01, 0.01, 0.01, 0.01, 0.01, 0.01, 0.01, 0.01, 0.01, 0.01, 0.01, 0.01, 0.01, 0.01, 0.01, 0.01, 0.01, 0.01, 0.01, 0.01, 0.01, 0.01, 0.01, 0.01, 0.01, 0.01, 0.01, 0.01, 0.01, 0.01, 0.01, 0.01, 0.01],
      
      "010_erk": [0.420068025588989, 1, 0.177327454090118, 0.95880126953125, 0.95880126953125, 0.95880126953125, 0.177327454090118, 0.95880126953125, 0.95880126953125, 0.177327454090118, 0.95880126953125, 0.574676513671875, 0.086683511734009, 0.477920532226563, 0.286598205566406, 0.477920532226563, 0.086683511734009, 0.477920532226563, 0.477920532226563, 0.086683511734009, 0.477920532226563, 0.477920532226563, 0.086683511734009, 0.477920532226563, 0.286598205566406, 0.042845010757446, 0.23858642578125, 0.14311408996582, 0.23858642578125, 0.042845010757446, 0.23858642578125, 0.23858642578125, 0.042845010757446, 0.23858642578125, 0.23858642578125, 0.042845010757446, 0.23858642578125, 0.23858642578125, 0.042845010757446, 0.23858642578125, 0.23858642578125, 0.042845010757446, 0.23858642578125, 0.14311408996582, 0.021298706531525, 0.119199752807617, 0.071510314941406, 0.119199752807617, 0.021298706531525, 0.119199752807617, 0.119199752807617, 0.021298706531525, 0.119199752807617, 0.072607398033142],
      "010_lamp": [0.322810411453247, 0.60498046875, 0.448323607444763, 0.58990478515625, 0.3758544921875, 0.5721435546875, 0.460693359375, 0.548828125, 0.65228271484375, 0.56201171875, 0.5062255859375, 0.537261962890625, 0.293131470680237, 0.383819580078125, 0.233367919921875, 0.358673095703125, 0.23583984375, 0.30487060546875, 0.42218017578125, 0.324028849601746, 0.375518798828125, 0.412994384765625, 0.266445577144623, 0.292984008789062, 0.308143615722656, 0.121580362319946, 0.196544647216797, 0.101459503173828, 0.186222076416016, 0.097368001937866, 0.174945831298828, 0.193248748779297, 0.119795083999634, 0.212139129638672, 0.204177856445312, 0.122575521469116, 0.201103210449219, 0.211387634277344, 0.134056925773621, 0.200145721435547, 0.236270904541016, 0.132071614265442, 0.22381591796875, 0.150852203369141, 0.044254302978516, 0.075997352600098, 0.036853790283203, 0.084386825561524, 0.044012725353241, 0.075547218322754, 0.083551406860352, 0.045732736587524, 0.074840545654297, 0.029823243618012],

      "001_erk": [0.04198557138443, 0.15478515625, 0.017713785171509, 0.0958251953125, 0.0958251953125, 0.0958251953125, 0.017713785171509, 0.0958251953125, 0.0958251953125, 0.017713785171509, 0.0958251953125, 0.057403564453125, 0.008660197257996, 0.047744750976563, 0.028633117675781, 0.047744750976563, 0.008660197257996, 0.047744750976563, 0.047744750976563, 0.008660197257996, 0.047744750976563, 0.047744750976563, 0.008660197257996, 0.047744750976563, 0.028633117675781, 0.004280924797058, 0.023838043212891, 0.014299392700195, 0.023838043212891, 0.004280924797058, 0.023838043212891, 0.023838043212891, 0.004280924797058, 0.023838043212891, 0.023838043212891, 0.004280924797058, 0.023838043212891, 0.023838043212891, 0.004280924797058, 0.023838043212891, 0.023838043212891, 0.004280924797058, 0.023838043212891, 0.014299392700195, 0.002128183841705, 0.011909484863281, 0.007144927978516, 0.011909484863281, 0.002128183841705, 0.011909484863281, 0.011909484863281, 0.002128183841705, 0.011909484863281, 0.007254421710968],
      "001_lamp": [0.129145383834839, 0.221923828125, 0.089111328125, 0.18450927734375, 0.087890625, 0.1793212890625, 0.0869140625, 0.1751708984375, 0.20159912109375, 0.129069030284882, 0.17266845703125, 0.116180419921875, 0.036092102527618, 0.065597534179688, 0.028556823730469, 0.063400268554688, 0.030999064445496, 0.057235717773438, 0.071746826171875, 0.038859069347382, 0.066299438476563, 0.06610107421875, 0.029825866222382, 0.053634643554688, 0.036582946777344, 0.010208129882813, 0.020431518554688, 0.010101318359375, 0.019279479980469, 0.009490966796875, 0.018253326416016, 0.019004821777344, 0.010484457015991, 0.020526885986328, 0.019306182861328, 0.010262370109558, 0.018970489501953, 0.019336700439453, 0.011079549789429, 0.01947021484375, 0.021038055419922, 0.01068115234375, 0.021099090576172, 0.011936187744141, 0.002832174301147, 0.005356788635254, 0.00237512588501, 0.005453109741211, 0.002764821052551, 0.005132675170898, 0.005668640136719, 0.003000915050507, 0.00493335723877, 0.002750992774963]
    }
  }
}
