{
  "vgg16_bn": {
    "weight": {
      "010_uni": [0.1, 0.1, 0.1, 0.1, 0.1, 0.1, 0.1, 0.1, 0.1, 0.1, 0.1, 0.1, 0.1, 0.1, 0.1, 0.1],
      "010_lamp": [0.809027791023254, 0.658040344715118, 0.556328654289246, 0.450907349586487, 0.318227171897888, 0.209515035152435, 0.208372354507446, 0.122057616710663, 0.069378316402435, 0.068788766860962, 0.067314982414246, 0.067824482917786, 0.067981719970703, 0.156400680541992, 0.358383178710937, 0.829296886920929],
      "010_erk": [1, 0.518039286136627, 0.382717549800873, 0.253214478492737, 0.188462972640991, 0.125157654285431, 0.125157654285431, 0.093505859375, 0.062216460704804, 0.062216460704804, 0.062216460704804, 0.062216460704804, 0.062216460704804, 0.626272201538086, 1, 1],

      "001_uni": [0.01, 0.01, 0.01, 0.01, 0.01, 0.01, 0.01, 0.01, 0.01, 0.01, 0.01, 0.01, 0.01, 0.01, 0.01, 0.01],
      "001_lamp": [0.451967597007751, 0.185112833976746, 0.116251647472382, 0.074591755867004, 0.041439473628998, 0.023095011711121, 0.021831929683685, 0.01120924949646, 0.005666077136993, 0.005678415298462, 0.005347788333893, 0.00469845533371, 0.004625976085663, 0.014045715332031, 0.059524536132813, 0.493749976158142],
      "001_erk": [0.586805582046509, 0.050482869148254, 0.037299275398254, 0.024678528308869, 0.018368184566498, 0.012198567390442, 0.012198567390442, 0.009113729000092, 0.006064116954803, 0.006064116954803, 0.006064116954803, 0.006064116954803, 0.006064116954803, 0.061038970947266, 0.1085205078125, 1],

      "0001_uni": [0.001, 0.001, 0.001, 0.001, 0.001, 0.001, 0.001, 0.001, 0.001, 0.001, 0.001, 0.001, 0.001, 0.001, 0.001, 0.001],
      "0001_lamp": [0.129629611968994, 0.022922098636627, 0.013210713863373, 0.007710754871368, 0.003760457038879, 0.001942932605743, 0.001905679702759, 0.000899434089661, 0.000483632087708, 0.000527262687683, 0.000493764877319, 0.000452280044556, 0.000452697277069, 0.001598358154297, 0.010910034179688, 0.173828125],
      "0001_erk": [0.05844908952713, 0.005018472671509, 0.003702819347382, 0.002448201179504, 0.001824259757996, 0.001210510730743, 0.001210510730743, 0.000904500484467, 0.000601887702942, 0.000601887702942, 0.000601887702942, 0.000601887702942, 0.000601887702942, 0.006059646606445, 0.010772705078125, 0.143359363079071]

    }
  },
  "resnet18_adv": {
    "weight": {
      "010_uni": [0.1, 0.1, 0.1, 0.1, 0.1, 0.1, 0.1, 0.1, 0.1, 0.1, 0.1, 0.1, 0.1, 0.1, 0.1, 0.1, 0.1, 0.1, 0.1, 0.1, 0.1],
      "010_lamp": [0.825810194015503, 0.591769754886627, 0.642876505851746, 0.626573383808136, 0.652723550796509, 0.8175048828125, 0.5126953125, 0.343939900398254, 0.35504150390625, 0.370103597640991, 0.6851806640625, 0.233849406242371, 0.131696939468384, 0.140367269515991, 0.147813558578491, 0.436264038085938, 0.082941710948944, 0.044330179691315, 0.044753193855286, 0.047339558601379, 0.827539086341858],
      "010_erk": [1, 0.479682087898254, 0.479682087898254, 0.479682087898254, 0.479682087898254, 1, 0.354383707046509, 0.234469950199127, 0.234469950199127, 0.234469950199127, 1, 0.174509704113007, 0.115892171859741, 0.115892171859741, 0.115892171859741, 0.775230407714844, 0.086583435535431, 0.057610809803009, 0.057610809803009, 0.057610809803009, 1],

      "001_uni": [0.01, 0.01, 0.01, 0.01, 0.10, 0.01, 0.01, 0.01, 0.01, 0.01, 0.01, 0.01, 0.01, 0.01, 0.01, 0.01, 0.01, 0.01, 0.01, 0.01, 0.01],
      "001_lamp": [0.301504611968994, 0.076497375965119, 0.094889342784882, 0.111762166023254, 0.128390848636627, 0.075615763664246, 0.041388630867004, 0.246826171875, 0.040357828140259, 0.041341125965119, 0.021857380867004, 0.012135803699493, 0.142730712890625, 0.012496948242188, 0.011367797851563, 0.006211161613464, 0.003336191177368, 0.044906616210938, 0.003239929676056, 0.002911448478699, 0.439648449420929],
      "001_erk": [0.514467597007751, 0.044243693351746, 0.044243693351746, 0.044243693351746, 0.044243693351746, 0.032687723636627, 0.021626770496369, 0.288330078125, 0.021626770496369, 0.021626770496369, 0.016096353530884, 0.010689616203308, 0.143402099609375, 0.010689616203308, 0.010689616203308, 0.007987141609192, 0.005314290523529, 0.071510314941406, 0.005314290523529, 0.005314290523529, 1],

      "0001_uni": [0.001, 0.001, 0.001, 0.001, 0.001, 0.001, 0.001, 0.001, 0.001, 0.001, 0.001, 0.001, 0.001, 0.001, 0.001, 0.001, 0.001, 0.001, 0.001, 0.001, 0.001],
      "0001_lamp": [0.071180582046509, 0.008707702159882, 0.010796427726746, 0.012722432613373, 0.015435099601746, 0.008477091789246, 0.004231750965118, 0.03271484375, 0.004123270511627, 0.004163980484009, 0.002034485340118, 0.001076579093933, 0.016387939453125, 0.001141011714935, 0.001002013683319, 0.000527262687683, 0.000292479991913, 0.003898620605469, 0.000278472900391, 0.000267863273621, 0.077539086341858],
      "0001_erk": [0.05092591047287, 0.004367411136627, 0.004367411136627, 0.004367411136627, 0.004367411136627, 0.003228068351746, 0.00213623046875, 0.028564453125, 0.00213623046875, 0.00213623046875, 0.001593708992004, 0.001057922840118, 0.014190673828125, 0.001057922840118, 0.001057922840118, 0.000790059566498, 0.000525593757629, 0.007072448730469, 0.000525593757629, 0.000525593757629, 0.122656226158142]
    }
  }
}
